{"cameraMode":{"drawMode":0,"name":"Shaded","section":"Shading Mode"},"sceneLighting":true,"audioPlay":false,"sceneViewState":{"m_AlwaysRefresh":false,"showFog":true,"showSkybox":true,"showFlares":true,"showImageEffects":true,"showParticleSystems":true,"showVisualEffectGraphs":true,"m_FxEnabled":true},"in2DMode":false,"pivot":{"x":-0.029778778553009034,"y":4.229114532470703,"z":-5.228384494781494},"rotation":{"x":-0.010489464737474919,"y":0.03958539664745331,"z":0.00041852693539112806,"w":0.9991417527198792},"size":0.769900381565094,"orthographic":false}