{"cameraMode":{"drawMode":0,"name":"Shaded","section":"Shading Mode"},"sceneLighting":true,"audioPlay":false,"sceneViewState":{"m_AlwaysRefresh":false,"showFog":true,"showSkybox":true,"showFlares":true,"showImageEffects":true,"showParticleSystems":true,"showVisualEffectGraphs":true,"m_FxEnabled":true},"in2DMode":false,"pivot":{"x":0.1474248617887497,"y":3.479982376098633,"z":-8.519925117492676},"rotation":{"x":0.17456352710723878,"y":0.019789138808846475,"z":-0.003509802045300603,"w":0.9844287037849426},"size":1.2580604553222657,"orthographic":false}