{"cameraMode":{"drawMode":0,"name":"Shaded","section":"Shading Mode"},"sceneLighting":true,"audioPlay":false,"sceneViewState":{"m_AlwaysRefresh":false,"showFog":true,"showSkybox":true,"showFlares":true,"showImageEffects":true,"showParticleSystems":true,"showVisualEffectGraphs":true,"m_FxEnabled":true},"in2DMode":false,"pivot":{"x":-0.18601655960083009,"y":1.7245943546295167,"z":-5.290565013885498},"rotation":{"x":-0.46915915608406069,"y":-0.5297161936759949,"z":0.5227756500244141,"w":-0.4753781855106354},"size":0.3523707389831543,"orthographic":false}