{"cameraMode":{"drawMode":0,"name":"Shaded","section":"Shading Mode"},"sceneLighting":true,"audioPlay":false,"sceneViewState":{"m_AlwaysRefresh":false,"showFog":true,"showSkybox":true,"showFlares":true,"showImageEffects":true,"showParticleSystems":true,"showVisualEffectGraphs":true,"m_FxEnabled":true},"in2DMode":false,"pivot":{"x":0.01229884009808302,"y":3.371089220046997,"z":-5.879849433898926},"rotation":{"x":0.21838684380054475,"y":-0.053543850779533389,"z":0.012000695802271366,"w":0.9743077158927918},"size":1.2580604553222657,"orthographic":false}