{"cameraMode":{"drawMode":0,"name":"Shaded","section":"Shading Mode"},"sceneLighting":true,"audioPlay":false,"sceneViewState":{"m_AlwaysRefresh":false,"showFog":true,"showSkybox":true,"showFlares":true,"showImageEffects":true,"showParticleSystems":true,"showVisualEffectGraphs":true,"m_FxEnabled":true},"in2DMode":false,"pivot":{"x":88.77885437011719,"y":23.76737403869629,"z":-87.95594787597656},"rotation":{"x":0.02285417541861534,"y":-0.3048724830150604,"z":0.0073210871778428558,"w":0.9520747065544128},"size":0.19438479840755464,"orthographic":false}