{"cameraMode":{"drawMode":0,"name":"Shaded","section":"Shading Mode"},"sceneLighting":true,"audioPlay":false,"sceneViewState":{"m_AlwaysRefresh":false,"showFog":true,"showSkybox":true,"showFlares":true,"showImageEffects":true,"showParticleSystems":true,"showVisualEffectGraphs":true,"m_FxEnabled":true},"in2DMode":false,"pivot":{"x":0.26270079612731936,"y":1.5893999338150025,"z":-7.333995819091797},"rotation":{"x":-0.04497236758470535,"y":-0.023372577503323556,"z":-0.0010524638928472996,"w":0.9987133145332336},"size":0.7524692416191101,"orthographic":false}