{"cameraMode":{"drawMode":0,"name":"Shaded","section":"Shading Mode"},"sceneLighting":true,"audioPlay":false,"sceneViewState":{"m_AlwaysRefresh":false,"showFog":true,"showSkybox":true,"showFlares":true,"showImageEffects":true,"showParticleSystems":true,"showVisualEffectGraphs":true,"m_FxEnabled":true},"in2DMode":false,"pivot":{"x":0.2750519812107086,"y":3.102583408355713,"z":-6.271751880645752},"rotation":{"x":0.19467441737651826,"y":-0.07436727732419968,"z":0.014802851714193821,"w":0.9779241681098938},"size":0.45871421694755556,"orthographic":false}